server,jreVersion,tcNativeVersion,clientAuth,serverCert,clientCert,cipher,resumption,enabledExtendedMasterSecret,openSSLClientVersion,page,connections/duration,duration,bytes/connection
tls-tomcat,1.8,-,need,server,client,-,new,true,1.0.2p,-,1085,31,0
tls-tomcat,1.8,-,need,server,client,-,new,true,1.0.2p,huge,16,31,104857740
tls-tomcat,1.8,-,need,server,client,-,new,true,1.0.2p,large,141,31,10485899
tls-tomcat,1.8,-,need,server,client,-,new,true,1.0.2p,medium,805,31,524425
tls-tomcat,1.8,-,need,server,client,-,new,true,1.0.2p,small,1078,31,10376
tls-tomcat,1.8,-,need,server,client,-,new,true,1.1.1,-,1030,31,0
tls-tomcat,1.8,-,need,server,client,-,new,true,1.1.1,huge,16,31,104857740
tls-tomcat,1.8,-,need,server,client,-,new,true,1.1.1,large,139,31,10485899
tls-tomcat,1.8,-,need,server,client,-,new,true,1.1.1,medium,790,31,524425
tls-tomcat,1.8,-,need,server,client,-,new,true,1.1.1,small,1033,31,10376
tls-tomcat,1.8,-,need,server,client,-,reuse,true,1.0.2p,-,1084,31,0
tls-tomcat,1.8,-,need,server,client,-,reuse,true,1.0.2p,huge,16,31,104857740
tls-tomcat,1.8,-,need,server,client,-,reuse,true,1.0.2p,large,139,31,10485899
tls-tomcat,1.8,-,need,server,client,-,reuse,true,1.0.2p,medium,814,31,524425
tls-tomcat,1.8,-,need,server,client,-,reuse,true,1.0.2p,small,1077,31,10376
tls-tomcat,1.8,-,need,server,client,-,reuse,true,1.1.1,-,31928,31,0
tls-tomcat,1.8,-,need,server,client,-,reuse,true,1.1.1,huge,17,32,104857740
tls-tomcat,1.8,-,need,server,client,-,reuse,true,1.1.1,large,159,31,10485899
tls-tomcat,1.8,-,need,server,client,-,reuse,true,1.1.1,medium,2787,31,524425
tls-tomcat,1.8,-,need,server,client,-,reuse,true,1.1.1,small,17880,31,10376
tls-tomcat,1.8,-,need,server,client-2048,-,new,true,1.0.2p,-,1261,31,0
tls-tomcat,1.8,-,need,server,client-2048,-,new,true,1.0.2p,huge,16,31,104857740
tls-tomcat,1.8,-,need,server,client-2048,-,new,true,1.0.2p,large,143,31,10485899
tls-tomcat,1.8,-,need,server,client-2048,-,new,true,1.0.2p,medium,890,31,524425
tls-tomcat,1.8,-,need,server,client-2048,-,new,true,1.0.2p,small,1219,31,10376
tls-tomcat,1.8,-,need,server,client-2048,-,new,true,1.1.1,-,1187,31,0
tls-tomcat,1.8,-,need,server,client-2048,-,new,true,1.1.1,huge,16,31,104857740
tls-tomcat,1.8,-,need,server,client-2048,-,new,true,1.1.1,large,142,31,10485899
tls-tomcat,1.8,-,need,server,client-2048,-,new,true,1.1.1,medium,874,31,524425
tls-tomcat,1.8,-,need,server,client-2048,-,new,true,1.1.1,small,1174,31,10376
tls-tomcat,1.8,-,need,server,client-2048,-,reuse,true,1.0.2p,-,1221,31,0
tls-tomcat,1.8,-,need,server,client-2048,-,reuse,true,1.0.2p,huge,16,31,104857740
tls-tomcat,1.8,-,need,server,client-2048,-,reuse,true,1.0.2p,large,142,31,10485899
tls-tomcat,1.8,-,need,server,client-2048,-,reuse,true,1.0.2p,medium,888,31,524425
tls-tomcat,1.8,-,need,server,client-2048,-,reuse,true,1.0.2p,small,1228,31,10376
tls-tomcat,1.8,-,need,server,client-2048,-,reuse,true,1.1.1,-,17986,31,0
tls-tomcat,1.8,-,need,server,client-2048,-,reuse,true,1.1.1,huge,16,31,104857740
tls-tomcat,1.8,-,need,server,client-2048,-,reuse,true,1.1.1,large,160,31,10485899
tls-tomcat,1.8,-,need,server,client-2048,-,reuse,true,1.1.1,medium,2815,31,524425
tls-tomcat,1.8,-,need,server,client-2048,-,reuse,true,1.1.1,small,17872,31,10376
tls-tomcat,1.8,-,need,server-2048,client,-,new,true,1.0.2p,-,2916,31,0
tls-tomcat,1.8,-,need,server-2048,client,-,new,true,1.0.2p,huge,17,32,104857740
tls-tomcat,1.8,-,need,server-2048,client,-,new,true,1.0.2p,large,153,31,10485899
tls-tomcat,1.8,-,need,server-2048,client,-,new,true,1.0.2p,medium,1509,31,524425
tls-tomcat,1.8,-,need,server-2048,client,-,new,true,1.0.2p,small,2772,31,10376
tls-tomcat,1.8,-,need,server-2048,client,-,new,true,1.1.1,-,2709,31,0
tls-tomcat,1.8,-,need,server-2048,client,-,new,true,1.1.1,huge,17,32,104857740
tls-tomcat,1.8,-,need,server-2048,client,-,new,true,1.1.1,large,153,31,10485899
tls-tomcat,1.8,-,need,server-2048,client,-,new,true,1.1.1,medium,1468,31,524425
tls-tomcat,1.8,-,need,server-2048,client,-,new,true,1.1.1,small,2586,31,10376
tls-tomcat,1.8,-,need,server-2048,client,-,reuse,true,1.0.2p,-,2862,31,0
tls-tomcat,1.8,-,need,server-2048,client,-,reuse,true,1.0.2p,huge,16,31,104857740
tls-tomcat,1.8,-,need,server-2048,client,-,reuse,true,1.0.2p,large,152,31,10485899
tls-tomcat,1.8,-,need,server-2048,client,-,reuse,true,1.0.2p,medium,1499,31,524425
tls-tomcat,1.8,-,need,server-2048,client,-,reuse,true,1.0.2p,small,2786,31,10376
tls-tomcat,1.8,-,need,server-2048,client,-,reuse,true,1.1.1,-,32489,31,0
tls-tomcat,1.8,-,need,server-2048,client,-,reuse,true,1.1.1,huge,17,32,104857740
tls-tomcat,1.8,-,need,server-2048,client,-,reuse,true,1.1.1,large,160,31,10485899
tls-tomcat,1.8,-,need,server-2048,client,-,reuse,true,1.1.1,medium,2806,31,524425
tls-tomcat,1.8,-,need,server-2048,client,-,reuse,true,1.1.1,small,17832,31,10376
tls-tomcat,1.8,-,need,server-2048,client-2048,-,new,true,1.0.2p,-,4295,31,0
tls-tomcat,1.8,-,need,server-2048,client-2048,-,new,true,1.0.2p,huge,17,32,104857740
tls-tomcat,1.8,-,need,server-2048,client-2048,-,new,true,1.0.2p,large,156,31,10485899
tls-tomcat,1.8,-,need,server-2048,client-2048,-,new,true,1.0.2p,medium,1800,31,524425
tls-tomcat,1.8,-,need,server-2048,client-2048,-,new,true,1.0.2p,small,3985,31,10376
tls-tomcat,1.8,-,need,server-2048,client-2048,-,new,true,1.1.1,-,3991,31,0
tls-tomcat,1.8,-,need,server-2048,client-2048,-,new,true,1.1.1,huge,17,32,104857740
tls-tomcat,1.8,-,need,server-2048,client-2048,-,new,true,1.1.1,large,156,31,10485899
tls-tomcat,1.8,-,need,server-2048,client-2048,-,new,true,1.1.1,medium,1770,31,524425
tls-tomcat,1.8,-,need,server-2048,client-2048,-,new,true,1.1.1,small,3655,31,10376
tls-tomcat,1.8,-,need,server-2048,client-2048,-,reuse,true,1.0.2p,-,4228,31,0
tls-tomcat,1.8,-,need,server-2048,client-2048,-,reuse,true,1.0.2p,huge,17,32,104857740
tls-tomcat,1.8,-,need,server-2048,client-2048,-,reuse,true,1.0.2p,large,154,31,10485899
tls-tomcat,1.8,-,need,server-2048,client-2048,-,reuse,true,1.0.2p,medium,1789,31,524425
tls-tomcat,1.8,-,need,server-2048,client-2048,-,reuse,true,1.0.2p,small,4012,31,10376
tls-tomcat,1.8,-,need,server-2048,client-2048,-,reuse,true,1.1.1,-,18274,31,0
tls-tomcat,1.8,-,need,server-2048,client-2048,-,reuse,true,1.1.1,huge,17,32,104857740
tls-tomcat,1.8,-,need,server-2048,client-2048,-,reuse,true,1.1.1,large,160,31,10485899
tls-tomcat,1.8,-,need,server-2048,client-2048,-,reuse,true,1.1.1,medium,2807,31,524425
tls-tomcat,1.8,-,need,server-2048,client-2048,-,reuse,true,1.1.1,small,17841,31,10376
tls-tomcat,1.8,1.2.17-openssl-1.0.2,need,server,client,-,reuse,true,1.0.2p,-,55547,31,0
tls-tomcat,1.8,1.2.17-openssl-1.0.2,need,server,client,-,reuse,true,1.0.2p,huge,23,63,100298707
tls-tomcat,1.8,1.2.17-openssl-1.0.2,need,server,client,-,reuse,true,1.0.2p,large,8,60,9175161
tls-tomcat,1.8,1.2.17-openssl-1.0.2,need,server,client,-,reuse,true,1.0.2p,medium,3,60,349616
tls-tomcat,1.8,1.2.17-openssl-1.0.2,need,server,client,-,reuse,true,1.0.2p,small,6,60,8646
tls-tomcat,1.8,1.2.17-openssl-1.0.2,need,server,client,-,reuse,true,1.1.1,-,39304,31,0
tls-tomcat,1.8,1.2.17-openssl-1.0.2,need,server,client,-,reuse,true,1.1.1,huge,4,61,78643305
tls-tomcat,1.8,1.2.17-openssl-1.0.2,need,server,client,-,reuse,true,1.1.1,large,5,60,8388719
tls-tomcat,1.8,1.2.17-openssl-1.0.2,need,server,client,-,reuse,true,1.1.1,medium,2,60,262212
tls-tomcat,1.8,1.2.17-openssl-1.0.2,need,server,client,-,reuse,true,1.1.1,small,7,60,8893
tls-tomcat,1.8,1.2.17-openssl-1.0.2,need,server,client-2048,-,new,true,1.0.2p,-,5368,31,0
tls-tomcat,1.8,1.2.17-openssl-1.0.2,need,server,client-2048,-,new,true,1.0.2p,huge,192,31,104857740
tls-tomcat,1.8,1.2.17-openssl-1.0.2,need,server,client-2048,-,new,true,1.0.2p,large,1412,31,10485899
tls-tomcat,1.8,1.2.17-openssl-1.0.2,need,server,client-2048,-,new,true,1.0.2p,medium,4458,31,524425
tls-tomcat,1.8,1.2.17-openssl-1.0.2,need,server,client-2048,-,new,true,1.0.2p,small,5041,31,10376
tls-tomcat,1.8,1.2.17-openssl-1.0.2,need,server,client-2048,-,new,true,1.1.1,-,4916,31,0
tls-tomcat,1.8,1.2.17-openssl-1.0.2,need,server,client-2048,-,new,true,1.1.1,huge,189,31,104857740
tls-tomcat,1.8,1.2.17-openssl-1.0.2,need,server,client-2048,-,new,true,1.1.1,large,1383,31,10485899
tls-tomcat,1.8,1.2.17-openssl-1.0.2,need,server,client-2048,-,new,true,1.1.1,medium,4274,31,524425
tls-tomcat,1.8,1.2.17-openssl-1.0.2,need,server,client-2048,-,new,true,1.1.1,small,4593,31,10376
tls-tomcat,1.8,1.2.17-openssl-1.0.2,need,server,client-2048,-,reuse,true,1.0.2p,-,55540,31,0
tls-tomcat,1.8,1.2.17-openssl-1.0.2,need,server,client-2048,-,reuse,true,1.0.2p,huge,14,62,97367901
tls-tomcat,1.8,1.2.17-openssl-1.0.2,need,server,client-2048,-,reuse,true,1.0.2p,large,51,61,10280293
tls-tomcat,1.8,1.2.17-openssl-1.0.2,need,server,client-2048,-,reuse,true,1.0.2p,medium,37,60,510251
tls-tomcat,1.8,1.2.17-openssl-1.0.2,need,server,client-2048,-,reuse,true,1.0.2p,small,29,60,10018
tls-tomcat,1.8,1.2.17-openssl-1.0.2,need,server,client-2048,-,reuse,true,1.1.1,-,40021,31,0
tls-tomcat,1.8,1.2.17-openssl-1.0.2,need,server,client-2048,-,reuse,true,1.1.1,huge,4,61,78643305
tls-tomcat,1.8,1.2.17-openssl-1.0.2,need,server,client-2048,-,reuse,true,1.1.1,large,24,60,10048986
tls-tomcat,1.8,1.2.17-openssl-1.0.2,need,server,client-2048,-,reuse,true,1.1.1,medium,10,60,471982
tls-tomcat,1.8,1.2.17-openssl-1.0.2,need,server,client-2048,-,reuse,true,1.1.1,small,6,60,8646
tls-tomcat,1.8,1.2.17-openssl-1.0.2,need,server-2048,client,-,new,true,1.0.2p,-,5399,31,0
tls-tomcat,1.8,1.2.17-openssl-1.0.2,need,server-2048,client,-,new,true,1.0.2p,huge,197,31,104857740
tls-tomcat,1.8,1.2.17-openssl-1.0.2,need,server-2048,client,-,new,true,1.0.2p,large,1419,31,10485899
tls-tomcat,1.8,1.2.17-openssl-1.0.2,need,server-2048,client,-,new,true,1.0.2p,medium,4438,31,524425
tls-tomcat,1.8,1.2.17-openssl-1.0.2,need,server-2048,client,-,new,true,1.0.2p,small,5022,31,10376
tls-tomcat,1.8,1.2.17-openssl-1.0.2,need,server-2048,client,-,new,true,1.1.1,-,4996,31,0
tls-tomcat,1.8,1.2.17-openssl-1.0.2,need,server-2048,client,-,new,true,1.1.1,huge,195,31,104857740
tls-tomcat,1.8,1.2.17-openssl-1.0.2,need,server-2048,client,-,new,true,1.1.1,large,1391,31,10485899
tls-tomcat,1.8,1.2.17-openssl-1.0.2,need,server-2048,client,-,new,true,1.1.1,medium,4233,31,524425
tls-tomcat,1.8,1.2.17-openssl-1.0.2,need,server-2048,client,-,new,true,1.1.1,small,4490,31,10376
tls-tomcat,1.8,1.2.17-openssl-1.0.2,need,server-2048,client,-,reuse,true,1.0.2p,-,55203,31,0
tls-tomcat,1.8,1.2.17-openssl-1.0.2,need,server-2048,client,-,reuse,true,1.0.2p,huge,2,61,52428870
tls-tomcat,1.8,1.2.17-openssl-1.0.2,need,server-2048,client,-,reuse,true,1.0.2p,large,39,60,10217029
tls-tomcat,1.8,1.2.17-openssl-1.0.2,need,server-2048,client,-,reuse,true,1.0.2p,medium,17,60,493576
tls-tomcat,1.8,1.2.17-openssl-1.0.2,need,server-2048,client,-,reuse,true,1.0.2p,small,17,60,9765
tls-tomcat,1.8,1.2.17-openssl-1.0.2,need,server-2048,client,-,reuse,true,1.1.1,-,16376,32,0
tls-tomcat,1.8,1.2.17-openssl-1.0.2,need,server-2048,client,-,reuse,true,1.1.1,huge,15,62,97867224
tls-tomcat,1.8,1.2.17-openssl-1.0.2,need,server-2048,client,-,reuse,true,1.1.1,large,8,61,9175161
tls-tomcat,1.8,1.2.17-openssl-1.0.2,need,server-2048,client,-,reuse,true,1.1.1,medium,2,60,262212
tls-tomcat,1.8,1.2.17-openssl-1.0.2,need,server-2048,client,-,reuse,true,1.1.1,small,1,60,0
tls-tomcat,1.8,1.2.17-openssl-1.0.2,need,server-2048,client-2048,-,new,true,1.0.2p,-,12293,31,0
tls-tomcat,1.8,1.2.17-openssl-1.0.2,need,server-2048,client-2048,-,new,true,1.0.2p,huge,196,31,104857740
tls-tomcat,1.8,1.2.17-openssl-1.0.2,need,server-2048,client-2048,-,new,true,1.0.2p,large,1536,31,10485899
tls-tomcat,1.8,1.2.17-openssl-1.0.2,need,server-2048,client-2048,-,new,true,1.0.2p,medium,7400,31,524425
tls-tomcat,1.8,1.2.17-openssl-1.0.2,need,server-2048,client-2048,-,new,true,1.0.2p,small,10413,31,10376
tls-tomcat,1.8,1.2.17-openssl-1.0.2,need,server-2048,client-2048,-,new,true,1.1.1,-,10687,31,0
tls-tomcat,1.8,1.2.17-openssl-1.0.2,need,server-2048,client-2048,-,new,true,1.1.1,huge,200,31,104857740
tls-tomcat,1.8,1.2.17-openssl-1.0.2,need,server-2048,client-2048,-,new,true,1.1.1,large,1633,31,10485899
tls-tomcat,1.8,1.2.17-openssl-1.0.2,need,server-2048,client-2048,-,new,true,1.1.1,medium,7640,31,524425
tls-tomcat,1.8,1.2.17-openssl-1.0.2,need,server-2048,client-2048,-,new,true,1.1.1,small,8888,31,10376
tls-tomcat,1.8,1.2.17-openssl-1.0.2,need,server-2048,client-2048,-,reuse,true,1.0.2p,-,54631,31,0
tls-tomcat,1.8,1.2.17-openssl-1.0.2,need,server-2048,client-2048,-,reuse,true,1.0.2p,huge,2,60,52428870
tls-tomcat,1.8,1.2.17-openssl-1.0.2,need,server-2048,client-2048,-,reuse,true,1.0.2p,large,7,60,8987913
tls-tomcat,1.8,1.2.17-openssl-1.0.2,need,server-2048,client-2048,-,reuse,true,1.0.2p,medium,4,60,393318
tls-tomcat,1.8,1.2.17-openssl-1.0.2,need,server-2048,client-2048,-,reuse,true,1.0.2p,small,15,60,9684
tls-tomcat,1.8,1.2.17-openssl-1.0.2,need,server-2048,client-2048,-,reuse,true,1.1.1,-,16375,32,0
tls-tomcat,1.8,1.2.17-openssl-1.0.2,need,server-2048,client-2048,-,reuse,true,1.1.1,huge,3,60,69905160
tls-tomcat,1.8,1.2.17-openssl-1.0.2,need,server-2048,client-2048,-,reuse,true,1.1.1,large,4,60,7864424
tls-tomcat,1.8,1.2.17-openssl-1.0.2,need,server-2048,client-2048,-,reuse,true,1.1.1,medium,2,60,262212
tls-tomcat,1.8,1.2.17-openssl-1.0.2,need,server-2048,client-2048,-,reuse,true,1.1.1,small,1,60,0
tls-tomcat,1.8,1.2.17-openssl-1.1.1,need,server,client,-,new,true,1.0.2p,-,3407,31,0
tls-tomcat,1.8,1.2.17-openssl-1.1.1,need,server,client,-,new,true,1.0.2p,huge,184,31,104857740
tls-tomcat,1.8,1.2.17-openssl-1.1.1,need,server,client,-,new,true,1.0.2p,large,1210,31,10485899
tls-tomcat,1.8,1.2.17-openssl-1.1.1,need,server,client,-,new,true,1.0.2p,medium,2941,31,524425
tls-tomcat,1.8,1.2.17-openssl-1.1.1,need,server,client,-,new,true,1.0.2p,small,3241,31,10376
tls-tomcat,1.8,1.2.17-openssl-1.1.1,need,server,client,-,new,true,1.1.1,-,3136,31,0
tls-tomcat,1.8,1.2.17-openssl-1.1.1,need,server,client,-,new,true,1.1.1,huge,183,31,104857740
tls-tomcat,1.8,1.2.17-openssl-1.1.1,need,server,client,-,new,true,1.1.1,large,1179,31,10485899
tls-tomcat,1.8,1.2.17-openssl-1.1.1,need,server,client,-,new,true,1.1.1,medium,2891,31,524425
tls-tomcat,1.8,1.2.17-openssl-1.1.1,need,server,client,-,new,true,1.1.1,small,2985,31,10376
tls-tomcat,1.8,1.2.17-openssl-1.1.1,need,server,client,-,reuse,true,1.0.2p,-,49645,31,0
tls-tomcat,1.8,1.2.17-openssl-1.1.1,need,server,client,-,reuse,true,1.0.2p,huge,2,60,52428870
tls-tomcat,1.8,1.2.17-openssl-1.1.1,need,server,client,-,reuse,true,1.0.2p,large,1,60,0
tls-tomcat,1.8,1.2.17-openssl-1.1.1,need,server,client,-,reuse,true,1.0.2p,medium,4,60,393318
tls-tomcat,1.8,1.2.17-openssl-1.1.1,need,server,client,-,reuse,true,1.0.2p,small,24,60,9943
tls-tomcat,1.8,1.2.17-openssl-1.1.1,need,server,client,-,reuse,true,1.1.1,-,16376,33,0
tls-tomcat,1.8,1.2.17-openssl-1.1.1,need,server,client,-,reuse,true,1.1.1,huge,1,60,0
tls-tomcat,1.8,1.2.17-openssl-1.1.1,need,server,client,-,reuse,true,1.1.1,large,1,60,0
tls-tomcat,1.8,1.2.17-openssl-1.1.1,need,server,client,-,reuse,true,1.1.1,medium,3,60,349616
tls-tomcat,1.8,1.2.17-openssl-1.1.1,need,server,client,-,reuse,true,1.1.1,small,1,60,0
tls-tomcat,1.8,1.2.17-openssl-1.1.1,need,server,client-2048,-,new,true,1.0.2p,-,5229,31,0
tls-tomcat,1.8,1.2.17-openssl-1.1.1,need,server,client-2048,-,new,true,1.0.2p,huge,182,31,104857740
tls-tomcat,1.8,1.2.17-openssl-1.1.1,need,server,client-2048,-,new,true,1.0.2p,large,1363,31,10485899
tls-tomcat,1.8,1.2.17-openssl-1.1.1,need,server,client-2048,-,new,true,1.0.2p,medium,4315,31,524425
tls-tomcat,1.8,1.2.17-openssl-1.1.1,need,server,client-2048,-,new,true,1.0.2p,small,4910,31,10376
tls-tomcat,1.8,1.2.17-openssl-1.1.1,need,server,client-2048,-,new,true,1.1.1,-,4918,31,0
tls-tomcat,1.8,1.2.17-openssl-1.1.1,need,server,client-2048,-,new,true,1.1.1,huge,187,31,104857740
tls-tomcat,1.8,1.2.17-openssl-1.1.1,need,server,client-2048,-,new,true,1.1.1,large,1347,31,10485899
tls-tomcat,1.8,1.2.17-openssl-1.1.1,need,server,client-2048,-,new,true,1.1.1,medium,4010,31,524425
tls-tomcat,1.8,1.2.17-openssl-1.1.1,need,server,client-2048,-,new,true,1.1.1,small,4440,31,10376
tls-tomcat,1.8,1.2.17-openssl-1.1.1,need,server,client-2048,-,reuse,true,1.0.2p,-,50922,31,0
tls-tomcat,1.8,1.2.17-openssl-1.1.1,need,server,client-2048,-,reuse,true,1.0.2p,huge,1,60,0
tls-tomcat,1.8,1.2.17-openssl-1.1.1,need,server,client-2048,-,reuse,true,1.0.2p,large,13,60,0
tls-tomcat,1.8,1.2.17-openssl-1.1.1,need,server,client-2048,-,reuse,true,1.0.2p,medium,1,60,0
tls-tomcat,1.8,1.2.17-openssl-1.1.1,need,server,client-2048,-,reuse,true,1.0.2p,small,7,60,0
tls-tomcat,1.8,1.2.17-openssl-1.1.1,need,server,client-2048,-,reuse,true,1.1.1,-,35429,31,0
tls-tomcat,1.8,1.2.17-openssl-1.1.1,need,server,client-2048,-,reuse,true,1.1.1,huge,1,60,0
tls-tomcat,1.8,1.2.17-openssl-1.1.1,need,server,client-2048,-,reuse,true,1.1.1,large,3,60,0
tls-tomcat,1.8,1.2.17-openssl-1.1.1,need,server,client-2048,-,reuse,true,1.1.1,medium,3,60,0
tls-tomcat,1.8,1.2.17-openssl-1.1.1,need,server,client-2048,-,reuse,true,1.1.1,small,1,60,0
tls-tomcat,1.8,1.2.17-openssl-1.1.1,need,server-2048,client,-,new,true,1.0.2p,-,4794,31,0
tls-tomcat,1.8,1.2.17-openssl-1.1.1,need,server-2048,client,-,new,true,1.0.2p,huge,177,31,104857740
tls-tomcat,1.8,1.2.17-openssl-1.1.1,need,server-2048,client,-,new,true,1.0.2p,large,1272,31,10485899
tls-tomcat,1.8,1.2.17-openssl-1.1.1,need,server-2048,client,-,new,true,1.0.2p,medium,3869,31,524425
tls-tomcat,1.8,1.2.17-openssl-1.1.1,need,server-2048,client,-,new,true,1.0.2p,small,4352,31,10376
tls-tomcat,1.8,1.2.17-openssl-1.1.1,need,server-2048,client,-,new,true,1.1.1,-,4815,31,0
tls-tomcat,1.8,1.2.17-openssl-1.1.1,need,server-2048,client,-,new,true,1.1.1,huge,178,31,104857740
tls-tomcat,1.8,1.2.17-openssl-1.1.1,need,server-2048,client,-,new,true,1.1.1,large,1273,31,10485899
tls-tomcat,1.8,1.2.17-openssl-1.1.1,need,server-2048,client,-,new,true,1.1.1,medium,3725,31,524425
tls-tomcat,1.8,1.2.17-openssl-1.1.1,need,server-2048,client,-,new,true,1.1.1,small,3870,31,10376
tls-tomcat,1.8,1.2.17-openssl-1.1.1,need,server-2048,client,-,reuse,true,1.0.2p,-,51689,31,0
tls-tomcat,1.8,1.2.17-openssl-1.1.1,need,server-2048,client,-,reuse,true,1.0.2p,huge,5,61,83886192
tls-tomcat,1.8,1.2.17-openssl-1.1.1,need,server-2048,client,-,reuse,true,1.0.2p,large,4,60,7864424
tls-tomcat,1.8,1.2.17-openssl-1.1.1,need,server-2048,client,-,reuse,true,1.0.2p,medium,11,60,476750
tls-tomcat,1.8,1.2.17-openssl-1.1.1,need,server-2048,client,-,reuse,true,1.0.2p,small,7,60,8893
tls-tomcat,1.8,1.2.17-openssl-1.1.1,need,server-2048,client,-,reuse,true,1.1.1,-,16375,34,0
tls-tomcat,1.8,1.2.17-openssl-1.1.1,need,server-2048,client,-,reuse,true,1.1.1,huge,3,60,69905160
tls-tomcat,1.8,1.2.17-openssl-1.1.1,need,server-2048,client,-,reuse,true,1.1.1,large,9,60,9320799
tls-tomcat,1.8,1.2.17-openssl-1.1.1,need,server-2048,client,-,reuse,true,1.1.1,medium,4,60,393318
tls-tomcat,1.8,1.2.17-openssl-1.1.1,need,server-2048,client,-,reuse,true,1.1.1,small,1,60,0
tls-tomcat,1.8,1.2.17-openssl-1.1.1,need,server-2048,client-2048,-,new,true,1.0.2p,-,11320,31,0
tls-tomcat,1.8,1.2.17-openssl-1.1.1,need,server-2048,client-2048,-,new,true,1.0.2p,huge,190,31,104857740
tls-tomcat,1.8,1.2.17-openssl-1.1.1,need,server-2048,client-2048,-,new,true,1.0.2p,large,1515,31,10485899
tls-tomcat,1.8,1.2.17-openssl-1.1.1,need,server-2048,client-2048,-,new,true,1.0.2p,medium,7416,31,524425
tls-tomcat,1.8,1.2.17-openssl-1.1.1,need,server-2048,client-2048,-,new,true,1.0.2p,small,9829,31,10376
tls-tomcat,1.8,1.2.17-openssl-1.1.1,need,server-2048,client-2048,-,new,true,1.1.1,-,10625,31,0
tls-tomcat,1.8,1.2.17-openssl-1.1.1,need,server-2048,client-2048,-,new,true,1.1.1,huge,187,31,104857740
tls-tomcat,1.8,1.2.17-openssl-1.1.1,need,server-2048,client-2048,-,new,true,1.1.1,large,1563,31,10485899
tls-tomcat,1.8,1.2.17-openssl-1.1.1,need,server-2048,client-2048,-,new,true,1.1.1,medium,7471,31,524425
tls-tomcat,1.8,1.2.17-openssl-1.1.1,need,server-2048,client-2048,-,new,true,1.1.1,small,8771,31,10376
tls-tomcat,1.8,1.2.17-openssl-1.1.1,need,server-2048,client-2048,-,reuse,true,1.0.2p,-,50543,31,0
tls-tomcat,1.8,1.2.17-openssl-1.1.1,need,server-2048,client-2048,-,reuse,true,1.0.2p,huge,8,61,91750522
tls-tomcat,1.8,1.2.17-openssl-1.1.1,need,server-2048,client-2048,-,reuse,true,1.0.2p,large,1,60,0
tls-tomcat,1.8,1.2.17-openssl-1.1.1,need,server-2048,client-2048,-,reuse,true,1.0.2p,medium,13,60,484084
tls-tomcat,1.8,1.2.17-openssl-1.1.1,need,server-2048,client-2048,-,reuse,true,1.0.2p,small,20,60,9857
tls-tomcat,1.8,1.2.17-openssl-1.1.1,need,server-2048,client-2048,-,reuse,true,1.1.1,-,16348,33,0
tls-tomcat,1.8,1.2.17-openssl-1.1.1,need,server-2048,client-2048,-,reuse,true,1.1.1,huge,1,60,0
tls-tomcat,1.8,1.2.17-openssl-1.1.1,need,server-2048,client-2048,-,reuse,true,1.1.1,large,1,60,0
tls-tomcat,1.8,1.2.17-openssl-1.1.1,need,server-2048,client-2048,-,reuse,true,1.1.1,medium,2,60,262212
tls-tomcat,1.8,1.2.17-openssl-1.1.1,need,server-2048,client-2048,-,reuse,true,1.1.1,small,5,60,8300
tls-tomcat,10,-,need,server,client,-,new,true,1.0.2p,-,1716,31,0
tls-tomcat,10,-,need,server,client,-,new,true,1.0.2p,huge,1679,31,0
tls-tomcat,10,-,need,server,client,-,new,true,1.0.2p,large,1681,31,0
tls-tomcat,10,-,need,server,client,-,new,true,1.0.2p,medium,1681,31,0
tls-tomcat,10,-,need,server,client,-,new,true,1.0.2p,small,1681,31,0
tls-tomcat,10,-,need,server,client,-,new,true,1.1.1,-,1617,31,0
tls-tomcat,10,-,need,server,client,-,new,true,1.1.1,huge,1651,31,0
tls-tomcat,10,-,need,server,client,-,new,true,1.1.1,large,1636,31,0
tls-tomcat,10,-,need,server,client,-,new,true,1.1.1,medium,1645,31,0
tls-tomcat,10,-,need,server,client,-,new,true,1.1.1,small,1613,31,0
tls-tomcat,10,-,need,server,client,-,reuse,true,1.0.2p,-,1697,31,0
tls-tomcat,10,-,need,server,client,-,reuse,true,1.0.2p,huge,1682,31,0
tls-tomcat,10,-,need,server,client,-,reuse,true,1.0.2p,large,1662,31,0
tls-tomcat,10,-,need,server,client,-,reuse,true,1.0.2p,medium,1683,31,0
tls-tomcat,10,-,need,server,client,-,reuse,true,1.0.2p,small,1678,31,0
tls-tomcat,10,-,need,server,client,-,reuse,true,1.1.1,-,16358,31,0
tls-tomcat,10,-,need,server,client,-,reuse,true,1.1.1,huge,23119,31,0
tls-tomcat,10,-,need,server,client,-,reuse,true,1.1.1,large,22966,31,0
tls-tomcat,10,-,need,server,client,-,reuse,true,1.1.1,medium,23040,31,0
tls-tomcat,10,-,need,server,client,-,reuse,true,1.1.1,small,22205,31,0
tls-tomcat,10,-,need,server,client-2048,-,new,true,1.0.2p,-,2120,31,0
tls-tomcat,10,-,need,server,client-2048,-,new,true,1.0.2p,huge,2056,31,0
tls-tomcat,10,-,need,server,client-2048,-,new,true,1.0.2p,large,2045,31,0
tls-tomcat,10,-,need,server,client-2048,-,new,true,1.0.2p,medium,2056,31,0
tls-tomcat,10,-,need,server,client-2048,-,new,true,1.0.2p,small,2049,31,0
tls-tomcat,10,-,need,server,client-2048,-,new,true,1.1.1,-,1952,31,0
tls-tomcat,10,-,need,server,client-2048,-,new,true,1.1.1,huge,2007,31,0
tls-tomcat,10,-,need,server,client-2048,-,new,true,1.1.1,large,2018,31,0
tls-tomcat,10,-,need,server,client-2048,-,new,true,1.1.1,medium,1992,31,0
tls-tomcat,10,-,need,server,client-2048,-,new,true,1.1.1,small,1993,31,0
tls-tomcat,10,-,need,server,client-2048,-,reuse,true,1.0.2p,-,2091,31,0
tls-tomcat,10,-,need,server,client-2048,-,reuse,true,1.0.2p,huge,2048,31,0
tls-tomcat,10,-,need,server,client-2048,-,reuse,true,1.0.2p,large,2068,31,0
tls-tomcat,10,-,need,server,client-2048,-,reuse,true,1.0.2p,medium,2034,31,0
tls-tomcat,10,-,need,server,client-2048,-,reuse,true,1.0.2p,small,2053,31,0
tls-tomcat,10,-,need,server,client-2048,-,reuse,true,1.1.1,-,28638,31,0
tls-tomcat,10,-,need,server,client-2048,-,reuse,true,1.1.1,huge,23107,31,0
tls-tomcat,10,-,need,server,client-2048,-,reuse,true,1.1.1,large,22797,31,0
tls-tomcat,10,-,need,server,client-2048,-,reuse,true,1.1.1,medium,22820,31,0
tls-tomcat,10,-,need,server,client-2048,-,reuse,true,1.1.1,small,22661,31,0
tls-tomcat,10,-,need,server-2048,client,-,new,true,1.0.2p,-,3534,31,0
tls-tomcat,10,-,need,server-2048,client,-,new,true,1.0.2p,huge,3405,31,0
tls-tomcat,10,-,need,server-2048,client,-,new,true,1.0.2p,large,3437,31,0
tls-tomcat,10,-,need,server-2048,client,-,new,true,1.0.2p,medium,3404,31,0
tls-tomcat,10,-,need,server-2048,client,-,new,true,1.0.2p,small,3450,31,0
tls-tomcat,10,-,need,server-2048,client,-,new,true,1.1.1,-,3146,31,0
tls-tomcat,10,-,need,server-2048,client,-,new,true,1.1.1,huge,3340,31,0
tls-tomcat,10,-,need,server-2048,client,-,new,true,1.1.1,large,3318,31,0
tls-tomcat,10,-,need,server-2048,client,-,new,true,1.1.1,medium,3329,31,0
tls-tomcat,10,-,need,server-2048,client,-,new,true,1.1.1,small,3257,31,0
tls-tomcat,10,-,need,server-2048,client,-,reuse,true,1.0.2p,-,3492,31,0
tls-tomcat,10,-,need,server-2048,client,-,reuse,true,1.0.2p,huge,3422,31,0
tls-tomcat,10,-,need,server-2048,client,-,reuse,true,1.0.2p,large,3403,31,0
tls-tomcat,10,-,need,server-2048,client,-,reuse,true,1.0.2p,medium,3428,31,0
tls-tomcat,10,-,need,server-2048,client,-,reuse,true,1.0.2p,small,3391,31,0
tls-tomcat,10,-,need,server-2048,client,-,reuse,true,1.1.1,-,16346,31,0
tls-tomcat,10,-,need,server-2048,client,-,reuse,true,1.1.1,huge,23904,31,0
tls-tomcat,10,-,need,server-2048,client,-,reuse,true,1.1.1,large,23854,31,0
tls-tomcat,10,-,need,server-2048,client,-,reuse,true,1.1.1,medium,23808,31,0
tls-tomcat,10,-,need,server-2048,client,-,reuse,true,1.1.1,small,23858,31,0
tls-tomcat,10,-,need,server-2048,client-2048,-,new,true,1.0.2p,-,5278,31,0
tls-tomcat,10,-,need,server-2048,client-2048,-,new,true,1.0.2p,huge,4939,31,0
tls-tomcat,10,-,need,server-2048,client-2048,-,new,true,1.0.2p,large,5043,31,0
tls-tomcat,10,-,need,server-2048,client-2048,-,new,true,1.0.2p,medium,5248,31,0
tls-tomcat,10,-,need,server-2048,client-2048,-,new,true,1.0.2p,small,5191,31,0
tls-tomcat,10,-,need,server-2048,client-2048,-,new,true,1.1.1,-,4928,31,0
tls-tomcat,10,-,need,server-2048,client-2048,-,new,true,1.1.1,huge,5065,31,0
tls-tomcat,10,-,need,server-2048,client-2048,-,new,true,1.1.1,large,5088,31,0
tls-tomcat,10,-,need,server-2048,client-2048,-,new,true,1.1.1,medium,5114,31,0
tls-tomcat,10,-,need,server-2048,client-2048,-,new,true,1.1.1,small,5067,31,0
tls-tomcat,10,-,need,server-2048,client-2048,-,reuse,true,1.0.2p,-,5383,31,0
tls-tomcat,10,-,need,server-2048,client-2048,-,reuse,true,1.0.2p,huge,4990,31,0
tls-tomcat,10,-,need,server-2048,client-2048,-,reuse,true,1.0.2p,large,4927,31,0
tls-tomcat,10,-,need,server-2048,client-2048,-,reuse,true,1.0.2p,medium,5075,31,0
tls-tomcat,10,-,need,server-2048,client-2048,-,reuse,true,1.0.2p,small,5313,31,0
tls-tomcat,10,-,need,server-2048,client-2048,-,reuse,true,1.1.1,-,25991,31,0
tls-tomcat,10,-,need,server-2048,client-2048,-,reuse,true,1.1.1,huge,23102,31,0
tls-tomcat,10,-,need,server-2048,client-2048,-,reuse,true,1.1.1,large,23734,31,0
tls-tomcat,10,-,need,server-2048,client-2048,-,reuse,true,1.1.1,medium,23970,31,0
tls-tomcat,10,-,need,server-2048,client-2048,-,reuse,true,1.1.1,small,23681,31,0
tls-tomcat,10,1.2.17-openssl-1.0.2,need,server,client,-,new,true,1.0.2p,-,3467,31,0
tls-tomcat,10,1.2.17-openssl-1.0.2,need,server,client,-,new,true,1.0.2p,huge,182,31,104857740
tls-tomcat,10,1.2.17-openssl-1.0.2,need,server,client,-,new,true,1.0.2p,large,1192,31,10485899
tls-tomcat,10,1.2.17-openssl-1.0.2,need,server,client,-,new,true,1.0.2p,medium,3024,31,524425
tls-tomcat,10,1.2.17-openssl-1.0.2,need,server,client,-,new,true,1.0.2p,small,3274,31,10376
tls-tomcat,10,1.2.17-openssl-1.0.2,need,server,client,-,new,true,1.1.1,-,3258,31,0
tls-tomcat,10,1.2.17-openssl-1.0.2,need,server,client,-,new,true,1.1.1,huge,180,31,104857740
tls-tomcat,10,1.2.17-openssl-1.0.2,need,server,client,-,new,true,1.1.1,large,1170,31,10485899
tls-tomcat,10,1.2.17-openssl-1.0.2,need,server,client,-,new,true,1.1.1,medium,2890,31,524425
tls-tomcat,10,1.2.17-openssl-1.0.2,need,server,client,-,new,true,1.1.1,small,3025,31,10376
tls-tomcat,10,1.2.17-openssl-1.0.2,need,server,client,-,reuse,true,1.0.2p,-,53231,31,0
tls-tomcat,10,1.2.17-openssl-1.0.2,need,server,client,-,reuse,true,1.0.2p,huge,11,62,95325218
tls-tomcat,10,1.2.17-openssl-1.0.2,need,server,client,-,reuse,true,1.0.2p,large,12,60,9612074
tls-tomcat,10,1.2.17-openssl-1.0.2,need,server,client,-,reuse,true,1.0.2p,medium,2,60,262212
tls-tomcat,10,1.2.17-openssl-1.0.2,need,server,client,-,reuse,true,1.0.2p,small,45,60,10145
tls-tomcat,10,1.2.17-openssl-1.0.2,need,server,client,-,reuse,true,1.1.1,-,16368,33,0
tls-tomcat,10,1.2.17-openssl-1.0.2,need,server,client,-,reuse,true,1.1.1,huge,5,61,83886192
tls-tomcat,10,1.2.17-openssl-1.0.2,need,server,client,-,reuse,true,1.1.1,large,7,60,8987913
tls-tomcat,10,1.2.17-openssl-1.0.2,need,server,client,-,reuse,true,1.1.1,medium,3,60,349616
tls-tomcat,10,1.2.17-openssl-1.0.2,need,server,client,-,reuse,true,1.1.1,small,2,60,5188
tls-tomcat,10,1.2.17-openssl-1.0.2,need,server,client-2048,-,new,true,1.0.2p,-,5372,31,0
tls-tomcat,10,1.2.17-openssl-1.0.2,need,server,client-2048,-,new,true,1.0.2p,huge,189,31,104857740
tls-tomcat,10,1.2.17-openssl-1.0.2,need,server,client-2048,-,new,true,1.0.2p,large,1383,31,10485899
tls-tomcat,10,1.2.17-openssl-1.0.2,need,server,client-2048,-,new,true,1.0.2p,medium,4399,31,524425
tls-tomcat,10,1.2.17-openssl-1.0.2,need,server,client-2048,-,new,true,1.0.2p,small,4976,31,10376
tls-tomcat,10,1.2.17-openssl-1.0.2,need,server,client-2048,-,new,true,1.1.1,-,4979,31,0
tls-tomcat,10,1.2.17-openssl-1.0.2,need,server,client-2048,-,new,true,1.1.1,huge,190,31,104857740
tls-tomcat,10,1.2.17-openssl-1.0.2,need,server,client-2048,-,new,true,1.1.1,large,1365,31,10485899
tls-tomcat,10,1.2.17-openssl-1.0.2,need,server,client-2048,-,new,true,1.1.1,medium,4241,31,524425
tls-tomcat,10,1.2.17-openssl-1.0.2,need,server,client-2048,-,new,true,1.1.1,small,4484,31,10376
tls-tomcat,10,1.2.17-openssl-1.0.2,need,server,client-2048,-,reuse,true,1.0.2p,-,53426,31,0
tls-tomcat,10,1.2.17-openssl-1.0.2,need,server,client-2048,-,reuse,true,1.0.2p,huge,15,62,97867224
tls-tomcat,10,1.2.17-openssl-1.0.2,need,server,client-2048,-,reuse,true,1.0.2p,large,3,60,6990599
tls-tomcat,10,1.2.17-openssl-1.0.2,need,server,client-2048,-,reuse,true,1.0.2p,medium,8,60,458871
tls-tomcat,10,1.2.17-openssl-1.0.2,need,server,client-2048,-,reuse,true,1.0.2p,small,15,60,9684
tls-tomcat,10,1.2.17-openssl-1.0.2,need,server,client-2048,-,reuse,true,1.1.1,-,38352,31,0
tls-tomcat,10,1.2.17-openssl-1.0.2,need,server,client-2048,-,reuse,true,1.1.1,huge,1,60,0
tls-tomcat,10,1.2.17-openssl-1.0.2,need,server,client-2048,-,reuse,true,1.1.1,large,8,60,9175161
tls-tomcat,10,1.2.17-openssl-1.0.2,need,server,client-2048,-,reuse,true,1.1.1,medium,1,60,0
tls-tomcat,10,1.2.17-openssl-1.0.2,need,server,client-2048,-,reuse,true,1.1.1,small,4,60,7782
tls-tomcat,10,1.2.17-openssl-1.0.2,need,server-2048,client,-,new,true,1.0.2p,-,5398,31,0
tls-tomcat,10,1.2.17-openssl-1.0.2,need,server-2048,client,-,new,true,1.0.2p,huge,189,31,104857740
tls-tomcat,10,1.2.17-openssl-1.0.2,need,server-2048,client,-,new,true,1.0.2p,large,1390,31,10485899
tls-tomcat,10,1.2.17-openssl-1.0.2,need,server-2048,client,-,new,true,1.0.2p,medium,4393,31,524425
tls-tomcat,10,1.2.17-openssl-1.0.2,need,server-2048,client,-,new,true,1.0.2p,small,5013,31,10376
tls-tomcat,10,1.2.17-openssl-1.0.2,need,server-2048,client,-,new,true,1.1.1,-,4901,31,0
tls-tomcat,10,1.2.17-openssl-1.0.2,need,server-2048,client,-,new,true,1.1.1,huge,188,31,104857740
tls-tomcat,10,1.2.17-openssl-1.0.2,need,server-2048,client,-,new,true,1.1.1,large,1373,31,10485899
tls-tomcat,10,1.2.17-openssl-1.0.2,need,server-2048,client,-,new,true,1.1.1,medium,4235,31,524425
tls-tomcat,10,1.2.17-openssl-1.0.2,need,server-2048,client,-,new,true,1.1.1,small,4533,31,10376
tls-tomcat,10,1.2.17-openssl-1.0.2,need,server-2048,client,-,reuse,true,1.0.2p,-,51975,31,0
tls-tomcat,10,1.2.17-openssl-1.0.2,need,server-2048,client,-,reuse,true,1.0.2p,huge,9,61,93206880
tls-tomcat,10,1.2.17-openssl-1.0.2,need,server-2048,client,-,reuse,true,1.0.2p,large,1,60,0
tls-tomcat,10,1.2.17-openssl-1.0.2,need,server-2048,client,-,reuse,true,1.0.2p,medium,7,60,449507
tls-tomcat,10,1.2.17-openssl-1.0.2,need,server-2048,client,-,reuse,true,1.0.2p,small,6,60,8646
tls-tomcat,10,1.2.17-openssl-1.0.2,need,server-2048,client,-,reuse,true,1.1.1,-,38186,31,0
tls-tomcat,10,1.2.17-openssl-1.0.2,need,server-2048,client,-,reuse,true,1.1.1,huge,6,61,87381450
tls-tomcat,10,1.2.17-openssl-1.0.2,need,server-2048,client,-,reuse,true,1.1.1,large,15,60,9786839
tls-tomcat,10,1.2.17-openssl-1.0.2,need,server-2048,client,-,reuse,true,1.1.1,medium,11,60,476750
tls-tomcat,10,1.2.17-openssl-1.0.2,need,server-2048,client,-,reuse,true,1.1.1,small,6,60,8646
tls-tomcat,10,1.2.17-openssl-1.0.2,need,server-2048,client-2048,-,new,true,1.0.2p,-,12087,31,0
tls-tomcat,10,1.2.17-openssl-1.0.2,need,server-2048,client-2048,-,new,true,1.0.2p,huge,191,31,104857740
tls-tomcat,10,1.2.17-openssl-1.0.2,need,server-2048,client-2048,-,new,true,1.0.2p,large,1567,31,10485899
tls-tomcat,10,1.2.17-openssl-1.0.2,need,server-2048,client-2048,-,new,true,1.0.2p,medium,7793,31,524425
tls-tomcat,10,1.2.17-openssl-1.0.2,need,server-2048,client-2048,-,new,true,1.0.2p,small,10275,31,10376
tls-tomcat,10,1.2.17-openssl-1.0.2,need,server-2048,client-2048,-,new,true,1.1.1,-,9529,31,0
tls-tomcat,10,1.2.17-openssl-1.0.2,need,server-2048,client-2048,-,new,true,1.1.1,huge,188,31,104857740
tls-tomcat,10,1.2.17-openssl-1.0.2,need,server-2048,client-2048,-,new,true,1.1.1,large,1523,31,10485899
tls-tomcat,10,1.2.17-openssl-1.0.2,need,server-2048,client-2048,-,new,true,1.1.1,medium,7362,31,524425
tls-tomcat,10,1.2.17-openssl-1.0.2,need,server-2048,client-2048,-,new,true,1.1.1,small,8603,31,10376
tls-tomcat,10,1.2.17-openssl-1.0.2,need,server-2048,client-2048,-,reuse,true,1.0.2p,-,54058,31,0
tls-tomcat,10,1.2.17-openssl-1.0.2,need,server-2048,client-2048,-,reuse,true,1.0.2p,huge,1,60,0
tls-tomcat,10,1.2.17-openssl-1.0.2,need,server-2048,client-2048,-,reuse,true,1.0.2p,large,7,60,8987913
tls-tomcat,10,1.2.17-openssl-1.0.2,need,server-2048,client-2048,-,reuse,true,1.0.2p,medium,2,60,262212
tls-tomcat,10,1.2.17-openssl-1.0.2,need,server-2048,client-2048,-,reuse,true,1.0.2p,small,4,60,7782
tls-tomcat,10,1.2.17-openssl-1.0.2,need,server-2048,client-2048,-,reuse,true,1.1.1,-,38181,31,0
tls-tomcat,10,1.2.17-openssl-1.0.2,need,server-2048,client-2048,-,reuse,true,1.1.1,huge,1,60,0
tls-tomcat,10,1.2.17-openssl-1.0.2,need,server-2048,client-2048,-,reuse,true,1.1.1,large,3,60,6990599
tls-tomcat,10,1.2.17-openssl-1.0.2,need,server-2048,client-2048,-,reuse,true,1.1.1,medium,1,60,0
tls-tomcat,10,1.2.17-openssl-1.0.2,need,server-2048,client-2048,-,reuse,true,1.1.1,small,1,60,0
tls-tomcat,10,1.2.17-openssl-1.1.1,need,server,client,-,new,true,1.0.2p,-,3404,31,0
tls-tomcat,10,1.2.17-openssl-1.1.1,need,server,client,-,new,true,1.0.2p,huge,174,31,104857740
tls-tomcat,10,1.2.17-openssl-1.1.1,need,server,client,-,new,true,1.0.2p,large,1145,31,10485899
tls-tomcat,10,1.2.17-openssl-1.1.1,need,server,client,-,new,true,1.0.2p,medium,2923,31,524425
tls-tomcat,10,1.2.17-openssl-1.1.1,need,server,client,-,new,true,1.0.2p,small,3172,31,10376
tls-tomcat,10,1.2.17-openssl-1.1.1,need,server,client,-,new,true,1.1.1,-,3224,31,0
tls-tomcat,10,1.2.17-openssl-1.1.1,need,server,client,-,new,true,1.1.1,huge,173,31,104857740
tls-tomcat,10,1.2.17-openssl-1.1.1,need,server,client,-,new,true,1.1.1,large,1154,31,10485899
tls-tomcat,10,1.2.17-openssl-1.1.1,need,server,client,-,new,true,1.1.1,medium,2890,31,524425
tls-tomcat,10,1.2.17-openssl-1.1.1,need,server,client,-,new,true,1.1.1,small,3037,31,10376
tls-tomcat,10,1.2.17-openssl-1.1.1,need,server,client,-,reuse,true,1.0.2p,-,50328,31,0
tls-tomcat,10,1.2.17-openssl-1.1.1,need,server,client,-,reuse,true,1.0.2p,huge,2,60,52428870
tls-tomcat,10,1.2.17-openssl-1.1.1,need,server,client,-,reuse,true,1.0.2p,large,1,60,0
tls-tomcat,10,1.2.17-openssl-1.1.1,need,server,client,-,reuse,true,1.0.2p,medium,8,60,458871
tls-tomcat,10,1.2.17-openssl-1.1.1,need,server,client,-,reuse,true,1.0.2p,small,1,60,0
tls-tomcat,10,1.2.17-openssl-1.1.1,need,server,client,-,reuse,true,1.1.1,-,16348,34,0
tls-tomcat,10,1.2.17-openssl-1.1.1,need,server,client,-,reuse,true,1.1.1,huge,2,60,52428870
tls-tomcat,10,1.2.17-openssl-1.1.1,need,server,client,-,reuse,true,1.1.1,large,2,60,5242949
tls-tomcat,10,1.2.17-openssl-1.1.1,need,server,client,-,reuse,true,1.1.1,medium,1,60,0
tls-tomcat,10,1.2.17-openssl-1.1.1,need,server,client,-,reuse,true,1.1.1,small,3,60,6917
tls-tomcat,10,1.2.17-openssl-1.1.1,need,server,client-2048,-,new,true,1.0.2p,-,5367,31,0
tls-tomcat,10,1.2.17-openssl-1.1.1,need,server,client-2048,-,new,true,1.0.2p,huge,182,31,104857740
tls-tomcat,10,1.2.17-openssl-1.1.1,need,server,client-2048,-,new,true,1.0.2p,large,1339,31,10485899
tls-tomcat,10,1.2.17-openssl-1.1.1,need,server,client-2048,-,new,true,1.0.2p,medium,4319,31,524425
tls-tomcat,10,1.2.17-openssl-1.1.1,need,server,client-2048,-,new,true,1.0.2p,small,4938,31,10376
tls-tomcat,10,1.2.17-openssl-1.1.1,need,server,client-2048,-,new,true,1.1.1,-,4827,31,0
tls-tomcat,10,1.2.17-openssl-1.1.1,need,server,client-2048,-,new,true,1.1.1,huge,180,31,104857740
tls-tomcat,10,1.2.17-openssl-1.1.1,need,server,client-2048,-,new,true,1.1.1,large,1337,31,10485899
tls-tomcat,10,1.2.17-openssl-1.1.1,need,server,client-2048,-,new,true,1.1.1,medium,4206,31,524425
tls-tomcat,10,1.2.17-openssl-1.1.1,need,server,client-2048,-,new,true,1.1.1,small,4501,31,10376
tls-tomcat,10,1.2.17-openssl-1.1.1,need,server,client-2048,-,reuse,true,1.0.2p,-,49793,31,0
tls-tomcat,10,1.2.17-openssl-1.1.1,need,server,client-2048,-,reuse,true,1.0.2p,huge,2,60,52428870
tls-tomcat,10,1.2.17-openssl-1.1.1,need,server,client-2048,-,reuse,true,1.0.2p,large,21,60,9986570
tls-tomcat,10,1.2.17-openssl-1.1.1,need,server,client-2048,-,reuse,true,1.0.2p,medium,6,60,437020
tls-tomcat,10,1.2.17-openssl-1.1.1,need,server,client-2048,-,reuse,true,1.0.2p,small,10,60,9338
tls-tomcat,10,1.2.17-openssl-1.1.1,need,server,client-2048,-,reuse,true,1.1.1,-,35333,31,0
tls-tomcat,10,1.2.17-openssl-1.1.1,need,server,client-2048,-,reuse,true,1.1.1,huge,2,60,52428870
tls-tomcat,10,1.2.17-openssl-1.1.1,need,server,client-2048,-,reuse,true,1.1.1,large,3,60,6990599
tls-tomcat,10,1.2.17-openssl-1.1.1,need,server,client-2048,-,reuse,true,1.1.1,medium,1,60,0
tls-tomcat,10,1.2.17-openssl-1.1.1,need,server,client-2048,-,reuse,true,1.1.1,small,3,60,6917
tls-tomcat,10,1.2.17-openssl-1.1.1,need,server-2048,client,-,new,true,1.0.2p,-,5259,31,0
tls-tomcat,10,1.2.17-openssl-1.1.1,need,server-2048,client,-,new,true,1.0.2p,huge,173,31,104857740
tls-tomcat,10,1.2.17-openssl-1.1.1,need,server-2048,client,-,new,true,1.0.2p,large,1270,31,10485899
tls-tomcat,10,1.2.17-openssl-1.1.1,need,server-2048,client,-,new,true,1.0.2p,medium,4172,31,524425
tls-tomcat,10,1.2.17-openssl-1.1.1,need,server-2048,client,-,new,true,1.0.2p,small,4766,31,10376
tls-tomcat,10,1.2.17-openssl-1.1.1,need,server-2048,client,-,new,true,1.1.1,-,4947,31,0
tls-tomcat,10,1.2.17-openssl-1.1.1,need,server-2048,client,-,new,true,1.1.1,huge,171,31,104857740
tls-tomcat,10,1.2.17-openssl-1.1.1,need,server-2048,client,-,new,true,1.1.1,large,1263,31,10485899
tls-tomcat,10,1.2.17-openssl-1.1.1,need,server-2048,client,-,new,true,1.1.1,medium,4057,31,524425
tls-tomcat,10,1.2.17-openssl-1.1.1,need,server-2048,client,-,new,true,1.1.1,small,4353,31,10376
tls-tomcat,10,1.2.17-openssl-1.1.1,need,server-2048,client,-,reuse,true,1.0.2p,-,49862,31,0
tls-tomcat,10,1.2.17-openssl-1.1.1,need,server-2048,client,-,reuse,true,1.0.2p,huge,12,62,96119595
tls-tomcat,10,1.2.17-openssl-1.1.1,need,server-2048,client,-,reuse,true,1.0.2p,large,3,60,6990599
tls-tomcat,10,1.2.17-openssl-1.1.1,need,server-2048,client,-,reuse,true,1.0.2p,medium,9,60,466155
tls-tomcat,10,1.2.17-openssl-1.1.1,need,server-2048,client,-,reuse,true,1.0.2p,small,13,60,9577
tls-tomcat,10,1.2.17-openssl-1.1.1,need,server-2048,client,-,reuse,true,1.1.1,-,16356,33,0
tls-tomcat,10,1.2.17-openssl-1.1.1,need,server-2048,client,-,reuse,true,1.1.1,huge,17,63,98689637
tls-tomcat,10,1.2.17-openssl-1.1.1,need,server-2048,client,-,reuse,true,1.1.1,large,14,60,9736906
tls-tomcat,10,1.2.17-openssl-1.1.1,need,server-2048,client,-,reuse,true,1.1.1,medium,1,60,0
tls-tomcat,10,1.2.17-openssl-1.1.1,need,server-2048,client,-,reuse,true,1.1.1,small,4,60,7782
tls-tomcat,10,1.2.17-openssl-1.1.1,need,server-2048,client-2048,-,new,true,1.0.2p,-,11786,31,0
tls-tomcat,10,1.2.17-openssl-1.1.1,need,server-2048,client-2048,-,new,true,1.0.2p,huge,182,31,104857740
tls-tomcat,10,1.2.17-openssl-1.1.1,need,server-2048,client-2048,-,new,true,1.0.2p,large,1482,31,10485899
tls-tomcat,10,1.2.17-openssl-1.1.1,need,server-2048,client-2048,-,new,true,1.0.2p,medium,7301,31,524425
tls-tomcat,10,1.2.17-openssl-1.1.1,need,server-2048,client-2048,-,new,true,1.0.2p,small,9649,31,10376
tls-tomcat,10,1.2.17-openssl-1.1.1,need,server-2048,client-2048,-,new,true,1.1.1,-,10474,31,0
tls-tomcat,10,1.2.17-openssl-1.1.1,need,server-2048,client-2048,-,new,true,1.1.1,huge,179,31,104857740
tls-tomcat,10,1.2.17-openssl-1.1.1,need,server-2048,client-2048,-,new,true,1.1.1,large,1497,31,10485899
tls-tomcat,10,1.2.17-openssl-1.1.1,need,server-2048,client-2048,-,new,true,1.1.1,medium,7199,31,524425
tls-tomcat,10,1.2.17-openssl-1.1.1,need,server-2048,client-2048,-,new,true,1.1.1,small,8487,31,10376
tls-tomcat,10,1.2.17-openssl-1.1.1,need,server-2048,client-2048,-,reuse,true,1.0.2p,-,50834,31,0
tls-tomcat,10,1.2.17-openssl-1.1.1,need,server-2048,client-2048,-,reuse,true,1.0.2p,huge,10,61,94371966
tls-tomcat,10,1.2.17-openssl-1.1.1,need,server-2048,client-2048,-,reuse,true,1.0.2p,large,5,60,8388719
tls-tomcat,10,1.2.17-openssl-1.1.1,need,server-2048,client-2048,-,reuse,true,1.0.2p,medium,3,60,349616
tls-tomcat,10,1.2.17-openssl-1.1.1,need,server-2048,client-2048,-,reuse,true,1.0.2p,small,6,60,8646
tls-tomcat,10,1.2.17-openssl-1.1.1,need,server-2048,client-2048,-,reuse,true,1.1.1,-,16352,34,0
tls-tomcat,10,1.2.17-openssl-1.1.1,need,server-2048,client-2048,-,reuse,true,1.1.1,huge,3,61,69905160
tls-tomcat,10,1.2.17-openssl-1.1.1,need,server-2048,client-2048,-,reuse,true,1.1.1,large,9,60,9320799
tls-tomcat,10,1.2.17-openssl-1.1.1,need,server-2048,client-2048,-,reuse,true,1.1.1,medium,5,60,419540
tls-tomcat,10,1.2.17-openssl-1.1.1,need,server-2048,client-2048,-,reuse,true,1.1.1,small,3,60,6917
tls-tomcat,11,-,need,server,client,-,new,true,1.0.2p,-,1734,31,0
tls-tomcat,11,-,need,server,client,-,new,true,1.0.2p,huge,1716,31,0
tls-tomcat,11,-,need,server,client,-,new,true,1.0.2p,large,1671,31,0
tls-tomcat,11,-,need,server,client,-,new,true,1.0.2p,medium,1663,31,0
tls-tomcat,11,-,need,server,client,-,new,true,1.0.2p,small,1672,31,0
tls-tomcat,11,-,need,server,client,-,new,true,1.1.1,-,1635,31,0
tls-tomcat,11,-,need,server,client,-,new,true,1.1.1,huge,1692,31,0
tls-tomcat,11,-,need,server,client,-,new,true,1.1.1,large,1636,31,0
tls-tomcat,11,-,need,server,client,-,new,true,1.1.1,medium,1617,31,0
tls-tomcat,11,-,need,server,client,-,new,true,1.1.1,small,1642,31,0
tls-tomcat,11,-,need,server,client,-,reuse,true,1.0.2p,-,1676,31,0
tls-tomcat,11,-,need,server,client,-,reuse,true,1.0.2p,huge,1672,31,0
tls-tomcat,11,-,need,server,client,-,reuse,true,1.0.2p,large,1651,31,0
tls-tomcat,11,-,need,server,client,-,reuse,true,1.0.2p,medium,1660,31,0
tls-tomcat,11,-,need,server,client,-,reuse,true,1.0.2p,small,1681,31,0
tls-tomcat,11,-,need,server,client,-,reuse,true,1.1.1,-,16352,33,0
tls-tomcat,11,-,need,server,client,-,reuse,true,1.1.1,huge,21969,31,0
tls-tomcat,11,-,need,server,client,-,reuse,true,1.1.1,large,21551,31,0
tls-tomcat,11,-,need,server,client,-,reuse,true,1.1.1,medium,21564,31,0
tls-tomcat,11,-,need,server,client,-,reuse,true,1.1.1,small,21818,31,0
tls-tomcat,11,-,need,server,client-2048,-,new,true,1.0.2p,-,2094,31,0
tls-tomcat,11,-,need,server,client-2048,-,new,true,1.0.2p,huge,2047,31,0
tls-tomcat,11,-,need,server,client-2048,-,new,true,1.0.2p,large,2064,31,0
tls-tomcat,11,-,need,server,client-2048,-,new,true,1.0.2p,medium,2038,31,0
tls-tomcat,11,-,need,server,client-2048,-,new,true,1.0.2p,small,2022,31,0
tls-tomcat,11,-,need,server,client-2048,-,new,true,1.1.1,-,1888,31,0
tls-tomcat,11,-,need,server,client-2048,-,new,true,1.1.1,huge,2018,31,0
tls-tomcat,11,-,need,server,client-2048,-,new,true,1.1.1,large,1990,31,0
tls-tomcat,11,-,need,server,client-2048,-,new,true,1.1.1,medium,1961,31,0
tls-tomcat,11,-,need,server,client-2048,-,new,true,1.1.1,small,1961,31,0
tls-tomcat,11,-,need,server,client-2048,-,reuse,true,1.0.2p,-,2053,31,0
tls-tomcat,11,-,need,server,client-2048,-,reuse,true,1.0.2p,huge,2029,31,0
tls-tomcat,11,-,need,server,client-2048,-,reuse,true,1.0.2p,large,2045,31,0
tls-tomcat,11,-,need,server,client-2048,-,reuse,true,1.0.2p,medium,2064,31,0
tls-tomcat,11,-,need,server,client-2048,-,reuse,true,1.0.2p,small,2103,31,0
tls-tomcat,11,-,need,server,client-2048,-,reuse,true,1.1.1,-,16345,33,0
tls-tomcat,11,-,need,server,client-2048,-,reuse,true,1.1.1,huge,22119,31,0
tls-tomcat,11,-,need,server,client-2048,-,reuse,true,1.1.1,large,22000,31,0
tls-tomcat,11,-,need,server,client-2048,-,reuse,true,1.1.1,medium,21438,31,0
tls-tomcat,11,-,need,server,client-2048,-,reuse,true,1.1.1,small,21296,31,0
tls-tomcat,11,-,need,server-2048,client,-,new,true,1.1.1,-,2993,31,0
tls-tomcat,11,-,need,server-2048,client,-,new,true,1.1.1,huge,3202,31,0
tls-tomcat,11,-,need,server-2048,client,-,new,true,1.1.1,large,3215,31,0
tls-tomcat,11,-,need,server-2048,client,-,new,true,1.1.1,medium,3153,31,0
tls-tomcat,11,-,need,server-2048,client,-,new,true,1.1.1,small,3093,31,0
tls-tomcat,11,-,need,server-2048,client-2048,-,new,true,1.1.1,-,4825,31,0
tls-tomcat,11,-,need,server-2048,client-2048,-,new,true,1.1.1,large,4803,31,0
tls-tomcat,11,-,need,server-2048,client-2048,-,new,true,1.1.1,medium,4730,31,0
tls-tomcat,11,-,need,server-2048,client-2048,-,new,true,1.1.1,small,4842,31,0
tls-tomcat,11,1.2.17-openssl-1.0.2,need,server,client,-,new,true,1.0.2p,-,3439,31,0
tls-tomcat,11,1.2.17-openssl-1.0.2,need,server,client,-,new,true,1.0.2p,huge,187,31,104857740
tls-tomcat,11,1.2.17-openssl-1.0.2,need,server,client,-,new,true,1.0.2p,large,1182,31,10485899
tls-tomcat,11,1.2.17-openssl-1.0.2,need,server,client,-,new,true,1.0.2p,medium,2874,31,524425
tls-tomcat,11,1.2.17-openssl-1.0.2,need,server,client,-,new,true,1.0.2p,small,3169,31,10376
tls-tomcat,11,1.2.17-openssl-1.0.2,need,server,client,-,new,true,1.1.1,-,3068,31,0
tls-tomcat,11,1.2.17-openssl-1.0.2,need,server,client,-,new,true,1.1.1,huge,185,31,104857740
tls-tomcat,11,1.2.17-openssl-1.0.2,need,server,client,-,new,true,1.1.1,large,1164,31,10485899
tls-tomcat,11,1.2.17-openssl-1.0.2,need,server,client,-,new,true,1.1.1,medium,2726,31,524425
tls-tomcat,11,1.2.17-openssl-1.0.2,need,server,client,-,new,true,1.1.1,small,3003,31,10376
tls-tomcat,11,1.2.17-openssl-1.0.2,need,server,client,-,reuse,true,1.0.2p,-,55055,31,0
tls-tomcat,11,1.2.17-openssl-1.0.2,need,server,client,-,reuse,true,1.0.2p,huge,3,60,69905160
tls-tomcat,11,1.2.17-openssl-1.0.2,need,server,client,-,reuse,true,1.0.2p,large,5,60,8388719
tls-tomcat,11,1.2.17-openssl-1.0.2,need,server,client,-,reuse,true,1.0.2p,medium,30,60,506944
tls-tomcat,11,1.2.17-openssl-1.0.2,need,server,client,-,reuse,true,1.0.2p,small,25,60,9960
tls-tomcat,11,1.2.17-openssl-1.0.2,need,server,client,-,reuse,true,1.1.1,-,37659,31,0
tls-tomcat,11,1.2.17-openssl-1.0.2,need,server,client,-,reuse,true,1.1.1,huge,13,62,96791760
tls-tomcat,11,1.2.17-openssl-1.0.2,need,server,client,-,reuse,true,1.1.1,large,2,60,5242949
tls-tomcat,11,1.2.17-openssl-1.0.2,need,server,client,-,reuse,true,1.1.1,medium,3,60,349616
tls-tomcat,11,1.2.17-openssl-1.0.2,need,server,client,-,reuse,true,1.1.1,small,3,60,6917
tls-tomcat,11,1.2.17-openssl-1.0.2,need,server,client-2048,-,new,true,1.0.2p,-,5284,31,0
tls-tomcat,11,1.2.17-openssl-1.0.2,need,server,client-2048,-,new,true,1.0.2p,huge,184,31,104857740
tls-tomcat,11,1.2.17-openssl-1.0.2,need,server,client-2048,-,new,true,1.0.2p,large,1333,31,10485899
tls-tomcat,11,1.2.17-openssl-1.0.2,need,server,client-2048,-,new,true,1.0.2p,medium,4191,31,524425
tls-tomcat,11,1.2.17-openssl-1.0.2,need,server,client-2048,-,new,true,1.0.2p,small,4851,31,10376
tls-tomcat,11,1.2.17-openssl-1.0.2,need,server,client-2048,-,new,true,1.1.1,-,4840,31,0
tls-tomcat,11,1.2.17-openssl-1.0.2,need,server,client-2048,-,new,true,1.1.1,huge,177,31,104857740
tls-tomcat,11,1.2.17-openssl-1.0.2,need,server,client-2048,-,new,true,1.1.1,large,1279,31,10485899
tls-tomcat,11,1.2.17-openssl-1.0.2,need,server,client-2048,-,new,true,1.1.1,medium,3927,31,524425
tls-tomcat,11,1.2.17-openssl-1.0.2,need,server,client-2048,-,new,true,1.1.1,small,4245,31,10376
tls-tomcat,11,1.2.17-openssl-1.0.2,need,server,client-2048,-,reuse,true,1.0.2p,-,53401,31,0
tls-tomcat,11,1.2.17-openssl-1.0.2,need,server,client-2048,-,reuse,true,1.0.2p,huge,5,61,83886192
tls-tomcat,11,1.2.17-openssl-1.0.2,need,server,client-2048,-,reuse,true,1.0.2p,large,30,60,10136369
tls-tomcat,11,1.2.17-openssl-1.0.2,need,server,client-2048,-,reuse,true,1.0.2p,medium,9,60,466155
tls-tomcat,11,1.2.17-openssl-1.0.2,need,server,client-2048,-,reuse,true,1.0.2p,small,3,60,6917
tls-tomcat,11,1.2.17-openssl-1.0.2,need,server,client-2048,-,reuse,true,1.1.1,-,16370,33,0
tls-tomcat,11,1.2.17-openssl-1.0.2,need,server,client-2048,-,reuse,true,1.1.1,huge,2,60,52428870
tls-tomcat,11,1.2.17-openssl-1.0.2,need,server,client-2048,-,reuse,true,1.1.1,large,4,60,7864424
tls-tomcat,11,1.2.17-openssl-1.0.2,need,server,client-2048,-,reuse,true,1.1.1,medium,6,60,437020
tls-tomcat,11,1.2.17-openssl-1.0.2,need,server,client-2048,-,reuse,true,1.1.1,small,7,60,8893
tls-tomcat,11,1.2.17-openssl-1.0.2,need,server-2048,client,-,new,true,1.0.2p,-,5290,31,0
tls-tomcat,11,1.2.17-openssl-1.0.2,need,server-2048,client,-,new,true,1.0.2p,huge,187,31,104857740
tls-tomcat,11,1.2.17-openssl-1.0.2,need,server-2048,client,-,new,true,1.0.2p,large,1343,31,10485899
tls-tomcat,11,1.2.17-openssl-1.0.2,need,server-2048,client,-,new,true,1.0.2p,medium,4200,31,524425
tls-tomcat,11,1.2.17-openssl-1.0.2,need,server-2048,client,-,new,true,1.0.2p,small,4845,31,10376
tls-tomcat,11,1.2.17-openssl-1.0.2,need,server-2048,client,-,new,true,1.1.1,-,4752,31,0
tls-tomcat,11,1.2.17-openssl-1.0.2,need,server-2048,client,-,new,true,1.1.1,huge,187,31,104857740
tls-tomcat,11,1.2.17-openssl-1.0.2,need,server-2048,client,-,new,true,1.1.1,large,1335,31,10485899
tls-tomcat,11,1.2.17-openssl-1.0.2,need,server-2048,client,-,new,true,1.1.1,medium,4022,31,524425
tls-tomcat,11,1.2.17-openssl-1.0.2,need,server-2048,client,-,new,true,1.1.1,small,4215,31,10376
tls-tomcat,11,1.2.17-openssl-1.0.2,need,server-2048,client,-,reuse,true,1.0.2p,-,53126,31,0
tls-tomcat,11,1.2.17-openssl-1.0.2,need,server-2048,client,-,reuse,true,1.0.2p,huge,7,61,89878062
tls-tomcat,11,1.2.17-openssl-1.0.2,need,server-2048,client,-,reuse,true,1.0.2p,large,2,60,5242949
tls-tomcat,11,1.2.17-openssl-1.0.2,need,server-2048,client,-,reuse,true,1.0.2p,medium,21,60,499452
tls-tomcat,11,1.2.17-openssl-1.0.2,need,server-2048,client,-,reuse,true,1.0.2p,small,11,60,9432
tls-tomcat,11,1.2.17-openssl-1.0.2,need,server-2048,client,-,reuse,true,1.1.1,-,37303,31,0
tls-tomcat,11,1.2.17-openssl-1.0.2,need,server-2048,client,-,reuse,true,1.1.1,huge,5,60,83886192
tls-tomcat,11,1.2.17-openssl-1.0.2,need,server-2048,client,-,reuse,true,1.1.1,large,26,60,10082595
tls-tomcat,11,1.2.17-openssl-1.0.2,need,server-2048,client,-,reuse,true,1.1.1,medium,13,60,484084
tls-tomcat,11,1.2.17-openssl-1.0.2,need,server-2048,client,-,reuse,true,1.1.1,small,10,60,9338
tls-tomcat,11,1.2.17-openssl-1.0.2,need,server-2048,client-2048,-,new,true,1.0.2p,-,12008,31,0
tls-tomcat,11,1.2.17-openssl-1.0.2,need,server-2048,client-2048,-,new,true,1.0.2p,huge,191,31,104857740
tls-tomcat,11,1.2.17-openssl-1.0.2,need,server-2048,client-2048,-,new,true,1.0.2p,large,1530,31,10485899
tls-tomcat,11,1.2.17-openssl-1.0.2,need,server-2048,client-2048,-,new,true,1.0.2p,medium,7390,31,524425
tls-tomcat,11,1.2.17-openssl-1.0.2,need,server-2048,client-2048,-,new,true,1.0.2p,small,9797,31,10376
tls-tomcat,11,1.2.17-openssl-1.0.2,need,server-2048,client-2048,-,new,true,1.1.1,-,10087,31,0
tls-tomcat,11,1.2.17-openssl-1.0.2,need,server-2048,client-2048,-,new,true,1.1.1,huge,188,31,104857740
tls-tomcat,11,1.2.17-openssl-1.0.2,need,server-2048,client-2048,-,new,true,1.1.1,large,1537,31,10485899
tls-tomcat,11,1.2.17-openssl-1.0.2,need,server-2048,client-2048,-,new,true,1.1.1,medium,6995,31,524425
tls-tomcat,11,1.2.17-openssl-1.0.2,need,server-2048,client-2048,-,new,true,1.1.1,small,8149,31,10376
tls-tomcat,11,1.2.17-openssl-1.0.2,need,server-2048,client-2048,-,reuse,true,1.0.2p,-,54122,31,0
tls-tomcat,11,1.2.17-openssl-1.0.2,need,server-2048,client-2048,-,reuse,true,1.0.2p,huge,19,63,99338911
tls-tomcat,11,1.2.17-openssl-1.0.2,need,server-2048,client-2048,-,reuse,true,1.0.2p,large,25,60,10066463
tls-tomcat,11,1.2.17-openssl-1.0.2,need,server-2048,client-2048,-,reuse,true,1.0.2p,medium,2,60,262212
tls-tomcat,11,1.2.17-openssl-1.0.2,need,server-2048,client-2048,-,reuse,true,1.0.2p,small,7,60,8893
tls-tomcat,11,1.2.17-openssl-1.0.2,need,server-2048,client-2048,-,reuse,true,1.1.1,-,37062,31,0
tls-tomcat,11,1.2.17-openssl-1.0.2,need,server-2048,client-2048,-,reuse,true,1.1.1,huge,6,61,87381450
tls-tomcat,11,1.2.17-openssl-1.0.2,need,server-2048,client-2048,-,reuse,true,1.1.1,large,4,60,7864424
tls-tomcat,11,1.2.17-openssl-1.0.2,need,server-2048,client-2048,-,reuse,true,1.1.1,medium,23,60,501623
tls-tomcat,11,1.2.17-openssl-1.0.2,need,server-2048,client-2048,-,reuse,true,1.1.1,small,8,60,9079
tls-tomcat,11,1.2.17-openssl-1.1.1,need,server,client,-,new,true,1.0.2p,-,3290,31,0
tls-tomcat,11,1.2.17-openssl-1.1.1,need,server,client,-,new,true,1.0.2p,huge,175,31,104857740
tls-tomcat,11,1.2.17-openssl-1.1.1,need,server,client,-,new,true,1.0.2p,large,1168,31,10485899
tls-tomcat,11,1.2.17-openssl-1.1.1,need,server,client,-,new,true,1.0.2p,medium,2892,31,524425
tls-tomcat,11,1.2.17-openssl-1.1.1,need,server,client,-,new,true,1.0.2p,small,3117,31,10376
tls-tomcat,11,1.2.17-openssl-1.1.1,need,server,client,-,new,true,1.1.1,-,3065,31,0
tls-tomcat,11,1.2.17-openssl-1.1.1,need,server,client,-,new,true,1.1.1,huge,175,31,104857740
tls-tomcat,11,1.2.17-openssl-1.1.1,need,server,client,-,new,true,1.1.1,large,1133,31,10485899
tls-tomcat,11,1.2.17-openssl-1.1.1,need,server,client,-,new,true,1.1.1,medium,2756,31,524425
tls-tomcat,11,1.2.17-openssl-1.1.1,need,server,client,-,new,true,1.1.1,small,2835,31,10376
tls-tomcat,11,1.2.17-openssl-1.1.1,need,server,client,-,reuse,true,1.0.2p,-,49901,31,0
tls-tomcat,11,1.2.17-openssl-1.1.1,need,server,client,-,reuse,true,1.0.2p,huge,13,62,96791760
tls-tomcat,11,1.2.17-openssl-1.1.1,need,server,client,-,reuse,true,1.0.2p,large,1,60,0
tls-tomcat,11,1.2.17-openssl-1.1.1,need,server,client,-,reuse,true,1.0.2p,medium,9,60,466155
tls-tomcat,11,1.2.17-openssl-1.1.1,need,server,client,-,reuse,true,1.0.2p,small,16,60,9727
tls-tomcat,11,1.2.17-openssl-1.1.1,need,server,client,-,reuse,true,1.1.1,-,16357,34,0
tls-tomcat,11,1.2.17-openssl-1.1.1,need,server,client,-,reuse,true,1.1.1,huge,5,61,83886192
tls-tomcat,11,1.2.17-openssl-1.1.1,need,server,client,-,reuse,true,1.1.1,large,2,60,5242949
tls-tomcat,11,1.2.17-openssl-1.1.1,need,server,client,-,reuse,true,1.1.1,medium,6,60,437020
tls-tomcat,11,1.2.17-openssl-1.1.1,need,server,client,-,reuse,true,1.1.1,small,5,60,8300
tls-tomcat,11,1.2.17-openssl-1.1.1,need,server,client-2048,-,new,true,1.0.2p,-,5175,31,0
tls-tomcat,11,1.2.17-openssl-1.1.1,need,server,client-2048,-,new,true,1.0.2p,huge,175,31,104857740
tls-tomcat,11,1.2.17-openssl-1.1.1,need,server,client-2048,-,new,true,1.0.2p,large,1275,31,10485899
tls-tomcat,11,1.2.17-openssl-1.1.1,need,server,client-2048,-,new,true,1.0.2p,medium,4093,31,524425
tls-tomcat,11,1.2.17-openssl-1.1.1,need,server,client-2048,-,new,true,1.0.2p,small,4709,31,10376
tls-tomcat,11,1.2.17-openssl-1.1.1,need,server,client-2048,-,new,true,1.1.1,-,4812,31,0
tls-tomcat,11,1.2.17-openssl-1.1.1,need,server,client-2048,-,new,true,1.1.1,huge,176,31,104857740
tls-tomcat,11,1.2.17-openssl-1.1.1,need,server,client-2048,-,new,true,1.1.1,large,1272,31,10485899
tls-tomcat,11,1.2.17-openssl-1.1.1,need,server,client-2048,-,new,true,1.1.1,medium,3981,31,524425
tls-tomcat,11,1.2.17-openssl-1.1.1,need,server,client-2048,-,new,true,1.1.1,small,4332,31,10376
tls-tomcat,11,1.2.17-openssl-1.1.1,need,server,client-2048,-,reuse,true,1.0.2p,-,50352,31,0
tls-tomcat,11,1.2.17-openssl-1.1.1,need,server,client-2048,-,reuse,true,1.0.2p,huge,5,61,83886192
tls-tomcat,11,1.2.17-openssl-1.1.1,need,server,client-2048,-,reuse,true,1.0.2p,large,2,60,5242949
tls-tomcat,11,1.2.17-openssl-1.1.1,need,server,client-2048,-,reuse,true,1.0.2p,medium,10,60,471982
tls-tomcat,11,1.2.17-openssl-1.1.1,need,server,client-2048,-,reuse,true,1.0.2p,small,6,60,8646
tls-tomcat,11,1.2.17-openssl-1.1.1,need,server,client-2048,-,reuse,true,1.1.1,-,35356,31,0
tls-tomcat,11,1.2.17-openssl-1.1.1,need,server,client-2048,-,reuse,true,1.1.1,huge,1,60,0
tls-tomcat,11,1.2.17-openssl-1.1.1,need,server,client-2048,-,reuse,true,1.1.1,large,1,60,0
tls-tomcat,11,1.2.17-openssl-1.1.1,need,server,client-2048,-,reuse,true,1.1.1,medium,2,60,262212
tls-tomcat,11,1.2.17-openssl-1.1.1,need,server,client-2048,-,reuse,true,1.1.1,small,5,60,8300
tls-tomcat,11,1.2.17-openssl-1.1.1,need,server-2048,client,-,new,true,1.0.2p,-,5214,31,0
tls-tomcat,11,1.2.17-openssl-1.1.1,need,server-2048,client,-,new,true,1.0.2p,huge,180,31,104857740
tls-tomcat,11,1.2.17-openssl-1.1.1,need,server-2048,client,-,new,true,1.0.2p,large,1324,31,10485899
tls-tomcat,11,1.2.17-openssl-1.1.1,need,server-2048,client,-,new,true,1.0.2p,medium,4095,31,524425
tls-tomcat,11,1.2.17-openssl-1.1.1,need,server-2048,client,-,new,true,1.0.2p,small,4724,31,10376
tls-tomcat,11,1.2.17-openssl-1.1.1,need,server-2048,client,-,new,true,1.1.1,-,4893,31,0
tls-tomcat,11,1.2.17-openssl-1.1.1,need,server-2048,client,-,new,true,1.1.1,huge,181,31,104857740
tls-tomcat,11,1.2.17-openssl-1.1.1,need,server-2048,client,-,new,true,1.1.1,large,1297,31,10485899
tls-tomcat,11,1.2.17-openssl-1.1.1,need,server-2048,client,-,new,true,1.1.1,medium,3980,31,524425
tls-tomcat,11,1.2.17-openssl-1.1.1,need,server-2048,client,-,new,true,1.1.1,small,4248,31,10376
tls-tomcat,11,1.2.17-openssl-1.1.1,need,server-2048,client,-,reuse,true,1.0.2p,-,49444,31,0
tls-tomcat,11,1.2.17-openssl-1.1.1,need,server-2048,client,-,reuse,true,1.0.2p,huge,9,61,93206880
tls-tomcat,11,1.2.17-openssl-1.1.1,need,server-2048,client,-,reuse,true,1.0.2p,large,4,60,7864424
tls-tomcat,11,1.2.17-openssl-1.1.1,need,server-2048,client,-,reuse,true,1.0.2p,medium,2,60,262212
tls-tomcat,11,1.2.17-openssl-1.1.1,need,server-2048,client,-,reuse,true,1.0.2p,small,4,60,7782
tls-tomcat,11,1.2.17-openssl-1.1.1,need,server-2048,client,-,reuse,true,1.1.1,-,16359,34,0
tls-tomcat,11,1.2.17-openssl-1.1.1,need,server-2048,client,-,reuse,true,1.1.1,huge,1,60,0
tls-tomcat,11,1.2.17-openssl-1.1.1,need,server-2048,client,-,reuse,true,1.1.1,large,2,60,5242949
tls-tomcat,11,1.2.17-openssl-1.1.1,need,server-2048,client,-,reuse,true,1.1.1,medium,10,60,471982
tls-tomcat,11,1.2.17-openssl-1.1.1,need,server-2048,client,-,reuse,true,1.1.1,small,4,60,7782
tls-tomcat,11,1.2.17-openssl-1.1.1,need,server-2048,client-2048,-,new,true,1.0.2p,-,11563,31,0
tls-tomcat,11,1.2.17-openssl-1.1.1,need,server-2048,client-2048,-,new,true,1.0.2p,huge,185,31,104857740
tls-tomcat,11,1.2.17-openssl-1.1.1,need,server-2048,client-2048,-,new,true,1.0.2p,large,1485,31,10485899
tls-tomcat,11,1.2.17-openssl-1.1.1,need,server-2048,client-2048,-,new,true,1.0.2p,medium,7199,31,524425
tls-tomcat,11,1.2.17-openssl-1.1.1,need,server-2048,client-2048,-,new,true,1.0.2p,small,9427,31,10376
tls-tomcat,11,1.2.17-openssl-1.1.1,need,server-2048,client-2048,-,new,true,1.1.1,-,10046,31,0
tls-tomcat,11,1.2.17-openssl-1.1.1,need,server-2048,client-2048,-,new,true,1.1.1,huge,183,31,104857740
tls-tomcat,11,1.2.17-openssl-1.1.1,need,server-2048,client-2048,-,new,true,1.1.1,large,1496,31,10485899
tls-tomcat,11,1.2.17-openssl-1.1.1,need,server-2048,client-2048,-,new,true,1.1.1,medium,6976,31,524425
tls-tomcat,11,1.2.17-openssl-1.1.1,need,server-2048,client-2048,-,new,true,1.1.1,small,8328,31,10376
tls-tomcat,11,1.2.17-openssl-1.1.1,need,server-2048,client-2048,-,reuse,true,1.0.2p,-,50663,31,0
tls-tomcat,11,1.2.17-openssl-1.1.1,need,server-2048,client-2048,-,reuse,true,1.0.2p,huge,4,60,78643305
tls-tomcat,11,1.2.17-openssl-1.1.1,need,server-2048,client-2048,-,reuse,true,1.0.2p,large,2,60,5242949
tls-tomcat,11,1.2.17-openssl-1.1.1,need,server-2048,client-2048,-,reuse,true,1.0.2p,medium,2,60,262212
tls-tomcat,11,1.2.17-openssl-1.1.1,need,server-2048,client-2048,-,reuse,true,1.0.2p,small,22,60,9904
tls-tomcat,11,1.2.17-openssl-1.1.1,need,server-2048,client-2048,-,reuse,true,1.1.1,-,35695,31,0
tls-tomcat,11,1.2.17-openssl-1.1.1,need,server-2048,client-2048,-,reuse,true,1.1.1,huge,4,61,78643305
tls-tomcat,11,1.2.17-openssl-1.1.1,need,server-2048,client-2048,-,reuse,true,1.1.1,large,6,60,8738249
tls-tomcat,11,1.2.17-openssl-1.1.1,need,server-2048,client-2048,-,reuse,true,1.1.1,medium,4,60,393318
tls-tomcat,11,1.2.17-openssl-1.1.1,need,server-2048,client-2048,-,reuse,true,1.1.1,small,1,60,0
tls-tomcat-9,1.8,1.2.17-openssl-1.0.2,need,server,client,-,new,true,1.1.1,-,3266,31,0
tls-tomcat-9,10,1.2.17-openssl-1.0.2,need,server,client-2048,-,new,true,1.0.2p,-,5415,31,0
tls-tomcat-9,10,1.2.17-openssl-1.0.2,need,server,client-2048,-,new,true,1.0.2p,huge,187,31,104857740
tls-tomcat-9,10,1.2.17-openssl-1.0.2,need,server,client-2048,-,new,true,1.0.2p,large,1393,31,10485899
tls-tomcat-9,10,1.2.17-openssl-1.0.2,need,server,client-2048,-,new,true,1.0.2p,medium,4555,31,524425
tls-tomcat-9,10,1.2.17-openssl-1.0.2,need,server,client-2048,-,new,true,1.0.2p,small,5133,31,10376
tls-tomcat-9,10,1.2.17-openssl-1.0.2,need,server,client-2048,-,new,true,1.1.1,-,4967,31,0
tls-tomcat-9,10,1.2.17-openssl-1.0.2,need,server,client-2048,-,new,true,1.1.1,huge,188,31,104857740
tls-tomcat-9,10,1.2.17-openssl-1.0.2,need,server,client-2048,-,new,true,1.1.1,large,1392,31,10485899
tls-tomcat-9,10,1.2.17-openssl-1.0.2,need,server,client-2048,-,new,true,1.1.1,medium,4346,31,524425
tls-tomcat-9,10,1.2.17-openssl-1.0.2,need,server,client-2048,-,new,true,1.1.1,small,4686,31,10376
tls-tomcat-9,10,1.2.17-openssl-1.0.2,need,server,client-2048,-,reuse,true,1.0.2p,-,53230,31,0
tls-tomcat-9,10,1.2.17-openssl-1.0.2,need,server,client-2048,-,reuse,true,1.0.2p,huge,13,62,96791760
tls-tomcat-9,10,1.2.17-openssl-1.0.2,need,server,client-2048,-,reuse,true,1.0.2p,large,7,60,8987913
tls-tomcat-9,10,1.2.17-openssl-1.0.2,need,server,client-2048,-,reuse,true,1.0.2p,medium,9,60,466155
tls-tomcat-9,10,1.2.17-openssl-1.0.2,need,server,client-2048,-,reuse,true,1.0.2p,small,12,60,9511
tls-tomcat-9,10,1.2.17-openssl-1.0.2,need,server,client-2048,-,reuse,true,1.1.1,-,36924,31,0
tls-tomcat-9,10,1.2.17-openssl-1.0.2,need,server,client-2048,-,reuse,true,1.1.1,huge,5,61,83886192
tls-tomcat-9,10,1.2.17-openssl-1.0.2,need,server,client-2048,-,reuse,true,1.1.1,large,3,60,6990599
tls-tomcat-9,10,1.2.17-openssl-1.0.2,need,server,client-2048,-,reuse,true,1.1.1,medium,2,60,262212
tls-tomcat-9,10,1.2.17-openssl-1.0.2,need,server,client-2048,-,reuse,true,1.1.1,small,7,60,8893
tls-tomcat-9,10,1.2.17-openssl-1.0.2,need,server-2048,client,-,new,true,1.0.2p,-,5416,31,0
tls-tomcat-9,10,1.2.17-openssl-1.0.2,need,server-2048,client,-,new,true,1.0.2p,huge,189,31,104857740
tls-tomcat-9,10,1.2.17-openssl-1.0.2,need,server-2048,client,-,new,true,1.0.2p,large,1392,31,10485899
tls-tomcat-9,10,1.2.17-openssl-1.0.2,need,server-2048,client,-,new,true,1.0.2p,medium,4555,31,524425
tls-tomcat-9,10,1.2.17-openssl-1.0.2,need,server-2048,client,-,new,true,1.0.2p,small,5161,31,10376
tls-tomcat-9,10,1.2.17-openssl-1.0.2,need,server-2048,client,-,new,true,1.1.1,-,4977,31,0
tls-tomcat-9,10,1.2.17-openssl-1.0.2,need,server-2048,client,-,new,true,1.1.1,huge,186,31,104857740
tls-tomcat-9,10,1.2.17-openssl-1.0.2,need,server-2048,client,-,new,true,1.1.1,large,1375,31,10485899
tls-tomcat-9,10,1.2.17-openssl-1.0.2,need,server-2048,client,-,new,true,1.1.1,medium,4384,31,524425
tls-tomcat-9,10,1.2.17-openssl-1.0.2,need,server-2048,client,-,new,true,1.1.1,small,4694,31,10376
tls-tomcat-9,10,1.2.17-openssl-1.0.2,need,server-2048,client,-,reuse,true,1.1.1,-,16331,33,0